creative_id,creative_name,creative_size,landing_page
612114,Beef Burger Supreme - Promo,300x250,Find in Store - ON
612115,Beef Burger Supreme - Promo,320x50,Find in Store - ON
612116,Beef Burger Supreme - Promo,728x90,Find in Store - ON
612117,Crunchy Chicken - Promo,300x250,Find in Store - ON
612118,Crunchy Chicken - Promo,320x50,Find in Store - ON
612119,Crunchy Chicken - Promo,728x90,Find in Store - ON
612120,Mega Fries - Promo,300x250,Find in Store - ON
612121,Mega Fries - Promo,320x50,Find in Store - ON
612122,Mega Fries - Promo,728x90,Find in Store - ON
612123,Ice Cream Treat - Promo,300x250,Find in Store - ON
612124,Ice Cream Treat - Promo,320x50,Find in Store - ON
612125,Ice Cream Treat - Promo,728x90,Find in Store - ON
612270,Beef Burger Supreme - Promo,300x250,Find in Store - QC (EN)
612271,Beef Burger Supreme - Promo,320x50,Find in Store - QC (EN)
612272,Beef Burger Supreme - Promo,728x90,Find in Store - QC (EN)
612273,Crunchy Chicken - Promo,300x250,Find in Store - QC (EN)
612274,Crunchy Chicken - Promo,320x50,Find in Store - QC (EN)
612275,Crunchy Chicken - Promo,728x90,Find in Store - QC (EN)
612276,Mega Fries - Promo,300x250,Find in Store - QC (EN)
612277,Mega Fries - Promo,320x50,Find in Store - QC (EN)
612278,Mega Fries - Promo,728x90,Find in Store - QC (EN)
612279,Ice Cream Treat - Promo,300x250,Find in Store - QC (EN)
612280,Ice Cream Treat - Promo,320x50,Find in Store - QC (EN)
612281,Ice Cream Treat - Promo,728x90,Find in Store - QC (EN)
612566,Beef Burger Supreme - Promo,300x250,Find in Store - BC
612567,Beef Burger Supreme - Promo,320x50,Find in Store - BC
612568,Beef Burger Supreme - Promo,728x90,Find in Store - BC
612569,Crunchy Chicken - Promo,300x250,Find in Store - BC
612570,Crunchy Chicken - Promo,320x50,Find in Store - BC
612571,Crunchy Chicken - Promo,728x90,Find in Store - BC
612572,Mega Fries - Promo,300x250,Find in Store - BC
612573,Mega Fries - Promo,320x50,Find in Store - BC
612574,Mega Fries - Promo,728x90,Find in Store - BC
612575,Ice Cream Treat - Promo,300x250,Find in Store - BC
612576,Ice Cream Treat - Promo,320x50,Find in Store - BC
612577,Ice Cream Treat - Promo,728x90,Find in Store - BC
612602,Beef Burger Supreme - Promo,300x250,Find in Store - AB
612603,Beef Burger Supreme - Promo,320x50,Find in Store - AB
612604,Beef Burger Supreme - Promo,728x90,Find in Store - AB
612605,Crunchy Chicken - Promo,300x250,Find in Store - AB
612606,Crunchy Chicken - Promo,320x50,Find in Store - AB
612607,Crunchy Chicken - Promo,728x90,Find in Store - AB
612608,Mega Fries - Promo,300x250,Find in Store - AB
612609,Mega Fries - Promo,320x50,Find in Store - AB
612610,Mega Fries - Promo,728x90,Find in Store - AB
612611,Ice Cream Treat - Promo,300x250,Find in Store - AB
612612,Ice Cream Treat - Promo,320x50,Find in Store - AB
612613,Ice Cream Treat - Promo,728x90,Find in Store - AB
612205,Beef Burger Supreme - Promo,300x250,Find in Store - QC (FR)
612206,Beef Burger Supreme - Promo,320x50,Find in Store - QC (FR)
612207,Beef Burger Supreme - Promo,728x90,Find in Store - QC (FR)
612208,Crunchy Chicken - Promo,300x250,Find in Store - QC (FR)
612209,Crunchy Chicken - Promo,320x50,Find in Store - QC (FR)
612210,Crunchy Chicken - Promo,728x90,Find in Store - QC (FR)
612211,Mega Fries - Promo,300x250,Find in Store - QC (FR)
612212,Mega Fries - Promo,320x50,Find in Store - QC (FR)
612213,Mega Fries - Promo,728x90,Find in Store - QC (FR)
612214,Ice Cream Treat - Promo,300x250,Find in Store - QC (FR)
612215,Ice Cream Treat - Promo,320x50,Find in Store - QC (FR)
612216,Ice Cream Treat - Promo,728x90,Find in Store - QC (FR)
610747,Beef Burger Supreme,#N/A,Ways to Make it a Combo
610749,Mega Fries,#N/A,Ways to Make it a Combo
610751,Crunchy Chicken,#N/A,Ways to Make it a Combo
621993,Free Large Drink,#N/A,Why not visit today?
621994,"Buy 1, Get 1 Free Burger",#N/A,Why not visit today?
621995,Ice Cream Treat,#N/A,Ways to Make it a Combo
610917,Crunchy Chicken,#N/A,Ways to Make it a Combo
626591,Free Large Drink,#N/A,Why not visit today?
626592,"Buy 1, Get 1 Free Burger",#N/A,Why not visit today?
610840,Beef Burger Supreme,#N/A,Ways to Make it a Combo
610842,Mega Fries,#N/A,Ways to Make it a Combo
610844,Crunchy Chicken,#N/A,Ways to Make it a Combo
621990,Free Large Drink,#N/A,Why not visit today?
621991,"Buy 1, Get 1 Free Burger",#N/A,Why not visit today?
621992,Ice Cream Treat,#N/A,Ways to Make it a Combo
610885,Beef Burger Supreme,#N/A,Ways to Make it a Combo
610887,Mega Fries,#N/A,Ways to Make it a Combo
610889,Crunchy Chicken,#N/A,Ways to Make it a Combo
621977,Free Large Drink,#N/A,Why not visit today?
621978,"Buy 1, Get 1 Free Burger",#N/A,Why not visit today?
621979,Ice Cream Treat,#N/A,Ways to Make it a Combo
610898,Beef Burger Supreme,#N/A,Ways to Make it a Combo
610900,Mega Fries,#N/A,Ways to Make it a Combo
610902,Crunchy Chicken,#N/A,Ways to Make it a Combo
621964,Free Large Drink,#N/A,Why not visit today?
621965,"Buy 1, Get 1 Free Burger",#N/A,Why not visit today?
621966,Ice Cream Treat,#N/A,Ways to Make it a Combo
588240,Deals for the Season,#N/A,#N/A
588244,Deals for the Season,#N/A,Why not visit today?
610734,NEW - Crunchy Chicken,#N/A,Ways to Make it a Combo
610735,Most Popular Combos,#N/A,Most Purchased Combo 2020
588245,Deals for the Season,#N/A,Why not visit today?
610136,NEW - Crunchy Chicken,#N/A,Ways to Make it a Combo
610137,Most Popular Combos,#N/A,Most Purchased Combo 2020
521998,Black and White Edition_Color,300x250,Black and White Shoes
527490,Black and White Edition_BlackandWhite,320x50,Black and White Shoes
584843,Black and White Edition_notext,320x50,Black and White Shoes
527485,Black and White Edition_Color,320x50,Find in Store
527486,Black and White Edition_BlackandWhite,320x50,Find in Store
584901,Black and White Edition_notext,320x50,Find in Store
584906,Black and White Edition_Color,300x250,Find in Store
584908,Black and White Edition_BlackandWhite,320x50,Find in Store
584916,Black and White Edition_notext,728x90,Find in Store
584935,Black and White Edition_RT,300x250,Find in Store
584944,Black and White Edition_RT,728x90,Find in Store
533027,The Running Game_family,300x250,Buy One Get One Free
533029,The Running Game_friends,728x90,Buy One Get One Free
533044,The Running Game_parents,728x90,Buy One Get One Free
533046,The Running Game,320x50,Buy One Get One Free
533047,The Running Game,320x50,Buy One Get One Free
533048,The Running Game_toronto,320x50,Buy One Get One Free
584947,The Running Game,320x50,Buy One Get One Free
584953,The Running Game,320x50,Buy One Get One Free
584955,The Running Game,728x90,Buy One Get One Free
584959,The Running Game_compete,320x50,Buy One Get One Free
542364,Athleisure Pieces,#N/A,Athleisure Clothing- Men
542460,Athleisure Pieces,#N/A,Athleisure Clothing- Women
542467,Athleisure Pieces,#N/A,Athleisure Clothing- Women
542472,Athleisure Pieces,#N/A,Athleisure Clothing- Women
542476,Athleisure Pieces,#N/A,Athleisure Clothing- Women
542477,Athleisure Pieces,#N/A,Athleisure Clothing- Women
565582,Athleisure Pieces,728x90,Athleisure Clothing- Teens
565587,Athleisure Pieces,728x90,Athleisure Clothing- Teens
565590,Athleisure Pieces,300x250,Athleisure Clothing- Teens
565596,Athleisure Pieces,320x50,Athleisure Clothing- Teens
584970,Athleisure Pieces,320x50,Athleisure Clothing- Teens
565597,Feel and be your greatest,#N/A,WFH In Style- Men
565606,Feel and be your greatest,#N/A,WFH In Style- Men
565607,Feel and be your greatest,#N/A,WFH In Style- Men
565609,Feel and be your greatest,#N/A,WFH In Style- Men
565618,Feel and be your greatest,#N/A,WFH In Style- Men
587323,Feel and be your greatest,320x50,WFH In Style- Women
587325,Feel and be your greatest,728x90,WFH In Style- Women
587329,Feel and be your greatest,320x50,WFH In Style- Women
587371,Feel and be your greatest,728x90,WFH In Style- Teens
615965,"Be Bold, Be You_RT",300x250,Find in Store
615966,"Be Bold, Be You_RT",320x50,Find in Store
615967,"Be Bold, Be You_RT",320x50,Find in Store
615968,"Be Bold, Be You_RT",320x50,Find in Store
615969,"Be Bold, Be You_RT",320x50,Find in Store
615970,"Be Bold, Be You_RT",320x50,Find in Store
615971,"Be Bold, Be You_RT",300x250,Find in Store
615972,"Be Bold, Be You_RT",320x50,Find in Store
615973,"Be Bold, Be You_RT",728x90,Find in Store
615974,"Be Bold, Be You_RT",300x250,Find in Store
615975,"Be Bold, Be You_RT",728x90,Find in Store
615976,"Be Bold, Be You_RT",300x250,Find in Store
615977,"Be Bold, Be You_RT",728x90,Find in Store
615978,"Be Bold, Be You_RT",728x90,Find in Store
615979,"Be Bold, Be You_RT",320x50,Find in Store
615980,"Be Bold, Be You_RT",320x50,Find in Store
615981,"Be Bold, Be You_RT",320x50,Find in Store
615982,"Be Bold, Be You_RT",320x50,Find in Store
615983,"Be Bold, Be You_RT",320x50,Find in Store
615984,"Be Bold, Be You_RT",728x90,Find in Store
615985,"Be Bold, Be You_RT",320x50,Find in Store
615986,"Be Bold, Be You_RT",728x90,Find in Store
615987,"Be Bold, Be You_RT",728x90,Find in Store
616011,"Be Bold, Be You",300x250,Be Bold Collection- Women
616012,"Be Bold, Be You",320x50,Be Bold Collection- Women
616013,"Be Bold, Be You",320x50,Be Bold Collection- Women
616014,"Be Bold, Be You",320x50,Be Bold Collection- Women
616015,"Be Bold, Be You",728x90,Be Bold Collection- Women
616016,"Be Bold, Be You_blackandwhite",320x50,Be Bold Collection- Women
616017,"Be Bold, Be You_color",728x90,Be Bold Collection- Women
616018,"Be Bold, Be You_notext",300x250,Be Bold Collection- Women
616019,"Be Bold, Be You_yourtimetoshine",320x50,Be Bold Collection- Women
616020,"Be Bold, Be You_at_your_greatest",320x50,Be Bold Collection- Women
616021,"Be Bold, Be You_beyondme",320x50,Be Bold Collection- Women
616022,"Be Bold, Be You_hydrate",320x50,Be Bold Collection- Women
616023,"Be Bold, Be You_running",320x50,Be Bold Collection- Women
616024,"Be Bold, Be You_hiking",300x250,Be Bold Collection- Women
616025,"Be Bold, Be You_climbing",320x50,Be Bold Collection- Women
616026,"Be Bold, Be You_bridgejump",728x90,Be Bold Collection- Women
616027,"Be Bold, Be You_miracle ",300x250,Be Bold Collection- Women
616028,"Be Bold, Be You_celeb",728x90,Be Bold Collection- Women
616029,"Be Bold, Be You_influencers",300x250,Be Bold Collection- Women
616030,"Be Bold, Be You_daredevil",728x90,Be Bold Collection- Women
616031,"Be Bold, Be You_sports",728x90,Be Bold Collection- Women
616032,"Be Bold, Be You_tennis",320x50,Be Bold Collection- Women
616033,"Be Bold, Be You_nolimit",320x50,Be Bold Collection- Women
616057,"Be Bold, Be You",320x50,Be Bold Collection- Teens
616058,"Be Bold, Be You",320x50,Be Bold Collection- Teens
616059,"Be Bold, Be You",320x50,Be Bold Collection- Teens
616060,"Be Bold, Be You",728x90,Be Bold Collection- Teens
616061,"Be Bold, Be You",320x50,Be Bold Collection- Teens
616062,"Be Bold, Be You_blackandwhite",728x90,Be Bold Collection- Teens
616063,"Be Bold, Be You_color",728x90,Be Bold Collection- Teens
616064,"Be Bold, Be You_notext",300x250,Be Bold Collection- Teens
616065,"Be Bold, Be You_yourtimetoshine",320x50,Be Bold Collection- Teens
616066,"Be Bold, Be You_at_your_greatest",320x50,Be Bold Collection- Teens
616067,"Be Bold, Be You_beyondme",320x50,Be Bold Collection- Teens
616068,"Be Bold, Be You_hydrate",728x90,Be Bold Collection- Teens
616069,"Be Bold, Be You_running",320x50,Be Bold Collection- Teens
616070,"Be Bold, Be You_hiking",728x90,Be Bold Collection- Teens
616071,"Be Bold, Be You_climbing",#N/A,Be Bold Collection- Teens
616072,"Be Bold, Be You_bridgejump",#N/A,Be Bold Collection- Teens
616073,"Be Bold, Be You_miracle ",#N/A,Be Bold Collection- Teens
616074,"Be Bold, Be You_celeb",#N/A,Be Bold Collection- Teens
616075,"Be Bold, Be You_influencers",#N/A,Be Bold Collection- Teens
616076,"Be Bold, Be You_daredevil",#N/A,Be Bold Collection- Teens
616077,"Be Bold, Be You_sports",#N/A,Be Bold Collection- Teens
616078,"Be Bold, Be You_tennis",#N/A,Be Bold Collection- Teens
616079,"Be Bold, Be You_thepush",#N/A,Be Bold Collection- Teens
616080,"Be Bold, Be You_motivation",#N/A,Be Bold Collection- Teens
616081,"Be Bold, Be You_motivation",#N/A,Be Bold Collection- Teens
616082,"Be Bold, Be You_nolimit",#N/A,Be Bold Collection- Teens
616083,"Be Bold, Be You_nolimit",#N/A,Be Bold Collection- Teens
616084,Sacrifice Is Worth It,#N/A,The Sacrifice Collection- Men
616085,Sacrifice Is Worth It,#N/A,The Sacrifice Collection- Men
616086,Sacrifice Is Worth It,#N/A,The Sacrifice Collection- Men
616087,Sacrifice Is Worth It,#N/A,The Sacrifice Collection- Men
616088,Sacrifice Is Worth It,#N/A,The Sacrifice Collection- Men
616089,Sacrifice Is Worth It_blackandwhite,#N/A,The Sacrifice Collection- Men
616090,Sacrifice Is Worth It_color,#N/A,The Sacrifice Collection- Men
616091,Sacrifice Is Worth It_notext,#N/A,The Sacrifice Collection- Men
616092,Sacrifice Is Worth It_yourtimetoshine,#N/A,The Sacrifice Collection- Men
616093,Sacrifice Is Worth It_at_your_greatest,#N/A,The Sacrifice Collection- Men
616094,Sacrifice Is Worth It_beyondme,#N/A,The Sacrifice Collection- Men
616095,Sacrifice Is Worth It_hydrate,#N/A,The Sacrifice Collection- Men
616096,Sacrifice Is Worth It_running,#N/A,The Sacrifice Collection- Men
616097,Sacrifice Is Worth It_hiking,#N/A,The Sacrifice Collection- Men
616098,Sacrifice Is Worth It_climbing,#N/A,The Sacrifice Collection- Men
616099,Sacrifice Is Worth It_bridgejump,#N/A,The Sacrifice Collection- Men
616100,Sacrifice Is Worth It_miracle ,#N/A,The Sacrifice Collection- Men
616101,Sacrifice Is Worth It_celeb,#N/A,The Sacrifice Collection- Men
616102,Sacrifice Is Worth It_influencers,#N/A,The Sacrifice Collection- Men
616103,Sacrifice Is Worth It_daredevil,#N/A,The Sacrifice Collection- Men
616104,Sacrifice Is Worth It_sports,#N/A,The Sacrifice Collection- Men
616105,Sacrifice Is Worth It_tennis,#N/A,The Sacrifice Collection- Men
616106,Sacrifice Is Worth It_thepush,#N/A,The Sacrifice Collection- Men
616107,Sacrifice Is Worth It_motivation,#N/A,The Sacrifice Collection- Men
616108,Sacrifice Is Worth It_motivation,#N/A,The Sacrifice Collection- Men
616109,Sacrifice Is Worth It_swim,#N/A,The Sacrifice Collection- Men
616110,Sacrifice Is Worth It_swim,#N/A,The Sacrifice Collection- Men
616254,Sacrifice Is Worth It,300x250,The Sacrifice Collection- Women
616255,Sacrifice Is Worth It,320x50,The Sacrifice Collection- Women
616256,Sacrifice Is Worth It,320x50,The Sacrifice Collection- Women
616257,Sacrifice Is Worth It,320x50,The Sacrifice Collection- Women
616258,Sacrifice Is Worth It,320x50,The Sacrifice Collection- Women
616259,Sacrifice Is Worth It_blackandwhite,320x50,The Sacrifice Collection- Women
616260,Sacrifice Is Worth It_color,300x250,The Sacrifice Collection- Women
616261,Sacrifice Is Worth It_notext,320x50,The Sacrifice Collection- Women
616262,Sacrifice Is Worth It_yourtimetoshine,728x90,The Sacrifice Collection- Women
616263,Sacrifice Is Worth It_at_your_greatest,300x250,The Sacrifice Collection- Women
616264,Sacrifice Is Worth It_beyondme,728x90,The Sacrifice Collection- Women
616265,Sacrifice Is Worth It_hydrate,300x250,The Sacrifice Collection- Women
616266,Sacrifice Is Worth It_running,728x90,The Sacrifice Collection- Women
616267,Sacrifice Is Worth It_hiking,728x90,The Sacrifice Collection- Women
616268,Sacrifice Is Worth It_climbing,320x50,The Sacrifice Collection- Women
616274,Sacrifice Is Worth It_bridgejump,320x50,The Sacrifice Collection- Women
616275,Sacrifice Is Worth It_miracle ,320x50,The Sacrifice Collection- Women
616300,Sacrifice Is Worth It_celeb,320x50,The Sacrifice Collection- Teens
616301,Sacrifice Is Worth It_influencers,320x50,The Sacrifice Collection- Teens
616302,Sacrifice Is Worth It_daredevil,728x90,The Sacrifice Collection- Teens
616303,Sacrifice Is Worth It_sports,320x50,The Sacrifice Collection- Teens
616304,Sacrifice Is Worth It_tennis,728x90,The Sacrifice Collection- Teens
616305,Sacrifice Is Worth It_thepush,728x90,The Sacrifice Collection- Teens
616306,Sacrifice Is Worth It_motivation,300x250,The Sacrifice Collection- Teens
616307,Sacrifice Is Worth It_motivation,320x50,The Sacrifice Collection- Teens
616308,Sacrifice Is Worth It_swim,320x50,The Sacrifice Collection- Teens
616309,Sacrifice Is Worth It_swim,320x50,The Sacrifice Collection- Teens
616310,Sacrifice Is Worth It_beyondme,728x90,The Sacrifice Collection- Teens
616311,Sacrifice Is Worth It_hydrate,320x50,The Sacrifice Collection- Teens
616312,Sacrifice Is Worth It_running,728x90,The Sacrifice Collection- Teens
616313,Sacrifice Is Worth It_hiking,728x90,The Sacrifice Collection- Teens
616314,Sacrifice Is Worth It_climbing,320x50,The Sacrifice Collection- Teens
616320,Sacrifice Is Worth It_bridgejump,728x90,The Sacrifice Collection- Teens
616321,Sacrifice Is Worth It_miracle,728x90,The Sacrifice Collection- Teens
616438,"It's A Lifestyle, Not a Choice",#N/A,The Lifestyle Collection- Men
616439,"It's A Lifestyle, Not a Choice",#N/A,The Lifestyle Collection- Men
616440,"It's A Lifestyle, Not a Choice",#N/A,The Lifestyle Collection- Men
616441,"It's A Lifestyle, Not a Choice",#N/A,The Lifestyle Collection- Men
616442,"It's A Lifestyle, Not a Choice",#N/A,The Lifestyle Collection- Men
616443,"It's A Lifestyle, Not a Choice_blackandwhite",#N/A,The Lifestyle Collection- Men
616447,"It's A Lifestyle, Not a Choice_color",#N/A,The Lifestyle Collection- Men
616448,"It's A Lifestyle, Not a Choice_notext",#N/A,The Lifestyle Collection- Men
616449,"It's A Lifestyle, Not a Choice_yourtimetoshine",#N/A,The Lifestyle Collection- Men
616450,"It's A Lifestyle, Not a Choice_at_your_greatest",#N/A,The Lifestyle Collection- Men
616451,"It's A Lifestyle, Not a Choice_beyondme",#N/A,The Lifestyle Collection- Men
616452,"It's A Lifestyle, Not a Choice_hydrate",#N/A,The Lifestyle Collection- Men
616456,"It's A Lifestyle, Not a Choice_running",#N/A,The Lifestyle Collection- Men
616457,"It's A Lifestyle, Not a Choice_hiking",#N/A,The Lifestyle Collection- Men
616458,"It's A Lifestyle, Not a Choice_climbing",#N/A,The Lifestyle Collection- Men
616459,"It's A Lifestyle, Not a Choice_bridgejump",#N/A,The Lifestyle Collection- Men
616460,"It's A Lifestyle, Not a Choice_miracle ",#N/A,The Lifestyle Collection- Men
616461,"It's A Lifestyle, Not a Choice_celeb",#N/A,The Lifestyle Collection- Men
616465,"It's A Lifestyle, Not a Choice",#N/A,The Lifestyle Collection- Women
616466,"It's A Lifestyle, Not a Choice",#N/A,The Lifestyle Collection- Women
616467,"It's A Lifestyle, Not a Choice",#N/A,The Lifestyle Collection- Women
616468,"It's A Lifestyle, Not a Choice",#N/A,The Lifestyle Collection- Women
616469,"It's A Lifestyle, Not a Choice",#N/A,The Lifestyle Collection- Women
616470,"It's A Lifestyle, Not a Choice_blackandwhite",#N/A,The Lifestyle Collection- Women
616474,"It's A Lifestyle, Not a Choice_color",#N/A,The Lifestyle Collection- Women
616475,"It's A Lifestyle, Not a Choice_notext",#N/A,The Lifestyle Collection- Women
616476,"It's A Lifestyle, Not a Choice_yourtimetoshine",#N/A,The Lifestyle Collection- Women
616477,"It's A Lifestyle, Not a Choice_at_your_greatest",#N/A,The Lifestyle Collection- Women
616478,"It's A Lifestyle, Not a Choice_beyondme",#N/A,The Lifestyle Collection- Women
616479,"It's A Lifestyle, Not a Choice_hydrate",#N/A,The Lifestyle Collection- Women
616483,"It's A Lifestyle, Not a Choice_running",#N/A,The Lifestyle Collection- Women
616484,"It's A Lifestyle, Not a Choice_hiking",#N/A,The Lifestyle Collection- Women
616485,"It's A Lifestyle, Not a Choice_climbing",#N/A,The Lifestyle Collection- Women
616486,"It's A Lifestyle, Not a Choice_bridgejump",#N/A,The Lifestyle Collection- Women
616487,"It's A Lifestyle, Not a Choice_miracle ",#N/A,The Lifestyle Collection- Women
616488,"It's A Lifestyle, Not a Choice_celeb",#N/A,The Lifestyle Collection- Women
616829,"It's A Lifestyle, Not a Choice",#N/A,The Lifestyle Collection- Teens
616830,"It's A Lifestyle, Not a Choice",#N/A,The Lifestyle Collection- Teens
616831,"It's A Lifestyle, Not a Choice",#N/A,The Lifestyle Collection- Teens
616832,"It's A Lifestyle, Not a Choice",#N/A,The Lifestyle Collection- Teens
616833,"It's A Lifestyle, Not a Choice",#N/A,The Lifestyle Collection- Teens
616834,"It's A Lifestyle, Not a Choice_blackandwhite",#N/A,The Lifestyle Collection- Teens
616838,"It's A Lifestyle, Not a Choice_color",#N/A,The Lifestyle Collection- Teens
616839,"It's A Lifestyle, Not a Choice_notext",#N/A,The Lifestyle Collection- Teens
616840,"It's A Lifestyle, Not a Choice_yourtimetoshine",#N/A,The Lifestyle Collection- Teens
616841,"It's A Lifestyle, Not a Choice_at_your_greatest",#N/A,The Lifestyle Collection- Teens
616842,"It's A Lifestyle, Not a Choice_beyondme",#N/A,The Lifestyle Collection- Teens
616843,"It's A Lifestyle, Not a Choice_hydrate",#N/A,The Lifestyle Collection- Teens
616847,"It's A Lifestyle, Not a Choice_running",#N/A,The Lifestyle Collection- Teens
616848,"It's A Lifestyle, Not a Choice_hiking",#N/A,The Lifestyle Collection- Teens
616849,"It's A Lifestyle, Not a Choice_climbing",#N/A,The Lifestyle Collection- Teens
616850,"It's A Lifestyle, Not a Choice_bridgejump",#N/A,The Lifestyle Collection- Teens
616851,"It's A Lifestyle, Not a Choice_miracle ",#N/A,The Lifestyle Collection- Teens
616852,"It's A Lifestyle, Not a Choice_celeb",#N/A,The Lifestyle Collection- Teens
616856,"It's A Lifestyle, Not a Choice",#N/A,The Lifestyle Collection- Generic
616857,"It's A Lifestyle, Not a Choice",#N/A,The Lifestyle Collection- Generic
616858,"It's A Lifestyle, Not a Choice",#N/A,The Lifestyle Collection- Generic
616859,"It's A Lifestyle, Not a Choice",#N/A,The Lifestyle Collection- Generic
616860,"It's A Lifestyle, Not a Choice",#N/A,The Lifestyle Collection- Generic
616861,"It's A Lifestyle, Not a Choice",#N/A,The Lifestyle Collection- Generic
616865,"It's A Lifestyle, Not a Choice",#N/A,The Lifestyle Collection- Generic
616866,"It's A Lifestyle, Not a Choice",#N/A,The Lifestyle Collection- Generic
616867,"It's A Lifestyle, Not a Choice",#N/A,The Lifestyle Collection- Generic
616868,"It's A Lifestyle, Not a Choice",#N/A,The Lifestyle Collection- Generic
616869,"It's A Lifestyle, Not a Choice",#N/A,The Lifestyle Collection- Generic
616870,"It's A Lifestyle, Not a Choice",#N/A,The Lifestyle Collection- Generic
616874,"It's A Lifestyle, Not a Choice",#N/A,The Lifestyle Collection- Generic
616875,"It's A Lifestyle, Not a Choice",#N/A,The Lifestyle Collection- Generic
616876,"It's A Lifestyle, Not a Choice",#N/A,The Lifestyle Collection- Generic
616877,"It's A Lifestyle, Not a Choice",#N/A,The Lifestyle Collection- Generic
616878,"It's A Lifestyle, Not a Choice",#N/A,The Lifestyle Collection- Generic
616879,"It's A Lifestyle, Not a Choice",#N/A,The Lifestyle Collection- Generic
604647,Fast Fresh General 1,#N/A,Fast Fresh Homepage
